<?xml version="1.0" encoding="UTF-8"?>
<project-private xmlns="http://www.netbeans.org/ns/project-private/1">
    <editor-bookmarks xmlns="http://www.netbeans.org/ns/editor-bookmarks/2" lastBookmarkId="0"/>
    <open-files xmlns="http://www.netbeans.org/ns/projectui-open-files/2">
        <group>
            <file>file:/Users/stringhini/Documents/Java/NetBeansProjects/____fluid2learn____Collection/src/pt/substance/bd/maze/mordor.txt</file>
            <file>file:/Users/stringhini/Documents/Java/NetBeansProjects/____fluid2learn____Collection/src/pt/substance/actors/EnquirerMaze.java</file>
            <file>file:/Users/stringhini/Documents/Java/NetBeansProjects/____fluid2learn____Collection/src/pt/substance/app/OrchestratorInteractive.java</file>
        </group>
    </open-files>
</project-private>
