<?xml version="1.0" encoding="UTF-8"?>
<project-private xmlns="http://www.netbeans.org/ns/project-private/1">
    <editor-bookmarks xmlns="http://www.netbeans.org/ns/editor-bookmarks/2" lastBookmarkId="0"/>
    <open-files xmlns="http://www.netbeans.org/ns/projectui-open-files/2">
        <group>
            <file>file:/Users/stringhini/Documents/Java/NetBeansProjects/fluid2learn/src/pt/c01interfaces/s01knowledge/s02app/app/Orchestrator.java</file>
            <file>file:/Users/stringhini/Documents/Java/NetBeansProjects/fluid2learn/src/pt/c01interfaces/s01knowledge/s02app/actors/Enquirer.java</file>
        </group>
    </open-files>
</project-private>
